rank,ID,name,mechanics,families,categories,n.ratings,rating
1,161936,pandemic-legacy-season-1,Action Point Allowance System|Co-operative Play|Hand Management|Point to Point Movement|Set Collection|Trading|Variable Player Powers,Campaign Games|Legacy|Pandemic,Environmental|Medical,18330,8.67041
2,182028,through-ages-new-story-civilization,Action Point Allowance System|Auction/Bidding|Card Drafting|Hand Management,Tableau Building,Card Game|Civilization|Economic,7490,8.72622
3,12333,twilight-struggle,Area Control / Area Influence|Campaign / Battle Card Driven|Dice Rolling|Hand Management|Simultaneous Action Selection,Country: Russia|Country: USA,Modern Warfare|Political|Wargame,27577,8.35708
4,174430,gloomhaven,Action / Movement Programming|Campaign / Battle Card Driven|Co-operative Play|Grid Movement|Hand Management|Modular Board|Simultaneous Action Selection|Storytelling|Variable Player Powers,Campaign Games|Crowdfunding: Kickstarter|Legacy|Solitaire Games,Adventure|Economic|Exploration|Fantasy|Fighting|Miniatures,4127,9.09037
5,187645,star-wars-rebellion,Area Control / Area Influence|Area Movement|Dice Rolling|Hand Management,Components: Miniatures|Fantasy Flight Big Box|Star Wars,Dice|Fighting|Movies / TV / Radio theme|Science Fiction|Wargame,8863,8.52923
6,120677,terra-mystica,Route/Network Building|Variable Phase Order|Variable Player Powers,Tableau Building|Terra Mystica,Civilization|Economic|Fantasy|Territory Building,24485,8.29447
7,169786,scythe,Area Control / Area Influence|Grid Movement|Variable Player Powers,Alternate History|Crowdfunding: Kickstarter|Scythe|Solitaire Games|Tableau Building,Civilization|Economic|Fighting|Miniatures|Science Fiction|Territory Building,16814,8.32286
8,167791,terraforming-mars,Card Drafting|Hand Management|Tile Placement|Variable Player Powers,Mars|Solitaire Games|Tableau Building,Economic|Environmental|Industry / Manufacturing|Science Fiction|Territory Building,10460,8.38749
9,173346,7-wonders-duel,Card Drafting|Set Collection,7 Wonders|7 Wonders Duel|Tableau Building,Ancient|Card Game|City Building|Civilization,21638,8.18607
10,102794,caverna-cave-farmers,Tile Placement|Worker Placement,Animals: Sheep|Harvest Series|Mining|Solitaire Games,Animals|Economic|Fantasy|Farming,17351,8.17806
11,84876,castles-burgundy,Dice Rolling|Set Collection|Tile Placement|Variable Phase Order,Alea Big Box|Country: France|Tableau Building,Dice|Medieval|Territory Building,25661,8.11203
12,3076,puerto-rico,Variable Phase Order,Alea Big Box|Colonial Theme|Country: Puerto Rico|Puerto Rico|Tableau Building,City Building|Economic|Farming,48476,8.08653
13,115746,war-ring-second-edition,Area Control / Area Influence|Area Movement|Campaign / Battle Card Driven|Dice Rolling|Hand Management,Monsters|Tolkien Games|War of the Ring,Adventure|Dice|Fantasy|Miniatures|Novel-based|Territory Building,6552,8.38324
14,31260,agricola,Card Drafting|Hand Management|Variable Player Powers|Worker Placement,Agricola|Animals: Cattle|Animals: Horses|Animals: Pigs|Animals: Sheep|Harvest Series|Solitaire Games|Tableau Building,Animals|Economic|Farming,48924,8.0531
15,96848,mage-knight-board-game,Card Drafting|Co-operative Play|Deck / Pool Building|Dice Rolling|Grid Movement|Hand Management|Modular Board|Role Playing|Tile Placement|Variable Player Powers,Clix|Components: Miniatures|Mage Knight Universe|Solitaire Games,Adventure|Exploration|Fantasy|Fighting,18589,8.13641
16,170216,blood-rage,Action Point Allowance System|Area Control / Area Influence|Area Movement|Card Drafting|Hand Management|Memory|Simultaneous Action Selection,Components: Miniatures|Crowdfunding: Kickstarter|Vikings,Fantasy|Fighting|Miniatures|Mythology,14398,8.14649
17,25613,through-ages-story-civilization,Action Point Allowance System|Auction/Bidding|Card Drafting|Hand Management,Tableau Building,City Building|Civilization|Economic,15448,8.08288
18,164153,star-wars-imperial-assault,Dice Rolling|Grid Movement|Modular Board|Partnerships|Role Playing|Variable Player Powers,Campaign Games|Fantasy Flight Big Box|Star Wars|Star Wars: Imperial Assault,Adventure|Fighting|Miniatures|Movies / TV / Radio theme|Science Fiction|Wargame,11489,8.19424
19,193738,great-western-trail,Deck / Pool Building|Hand Management|Point to Point Movement|Tile Placement,Stronghold Games: The Great Designer Series,American West,6091,8.29309
20,205059,mansions-madness-second-edition,Area Movement|Co-operative Play|Dice Rolling|Hand Management|Modular Board|Partnerships|Pick-up and Deliver|Role Playing|Variable Player Powers,Arkham Horror|Cthulhu Mythos,Adventure|Exploration|Fantasy|Fighting|Horror|Miniatures|Murder/Mystery|Puzzle,7020,8.30315
21,2651,power-grid,Auction/Bidding|Route/Network Building,Country: Germany|Country: USA|Power Grid,Economic|Industry / Manufacturing,42602,7.941
22,209010,mechs-vs-minions,Action / Movement Programming|Card Drafting|Co-operative Play|Dice Rolling|Modular Board|Variable Player Powers,Campaign Games|Components: Miniatures,Fantasy|Fighting|Miniatures|Video Game Theme,5414,8.36371
23,205637,arkham-horror-card-game,Action Point Allowance System|Co-operative Play|Deck / Pool Building|Hand Management|Role Playing|Variable Player Powers,Arkham Horror|Arkham Horror: The Card Game LCG|Campaign Games|Cthulhu Mythos|Living Card Game|Solitaire Games,Adventure|Card Game|Collectible Components|Fantasy|Horror|Novel-based,5908,8.39661
24,72125,eclipse,Area Control / Area Influence|Dice Rolling|Grid Movement|Modular Board|Player Elimination|Tile Placement|Variable Phase Order|Variable Player Powers,4X games|Eclipse,Civilization|Fighting|Science Fiction|Space Exploration|Wargame,20603,8.009
25,121921,robinson-crusoe-adventures-cursed-island,Action / Movement Programming|Co-operative Play|Dice Rolling|Modular Board|Simultaneous Action Selection|Storytelling|Tile Placement|Variable Player Powers|Worker Placement,Robinson Crusoe: Adventure on the Cursed Island|Solitaire Games,Adventure|Exploration|Fighting|Novel-based,18575,8.01149
26,175914,food-chain-magnate,Deck / Pool Building|Modular Board|Route/Network Building|Simultaneous Action Selection,Food / Cooking,Economic|Industry / Manufacturing,5335,8.28894
27,164928,orleans,Deck / Pool Building|Point to Point Movement|Worker Placement,Cities: Orléans (France)|Country: France|Orléans,Medieval|Religious|Travel,8935,8.08227
28,28720,brass-lancashire,Hand Management|Route/Network Building,Cities: Manchester|Country: England,Economic|Industry / Manufacturing|Transportation,10810,8.01269
29,124742,android-netrunner,Action Point Allowance System|Hand Management|Secret Unit Deployment|Variable Player Powers,Android|Android: Netrunner LCG|CCGs (Collectible Card Games)|Cyberpunk|Hackers|Living Card Game,Bluffing|Card Game|Collectible Components|Science Fiction,20636,7.99236
30,35677,le-havre,Worker Placement,Country: France|Harvest Series|Le Havre|Solitaire Games,City Building|Economic|Industry / Manufacturing|Nautical,19204,7.92997
31,126163,tzolk-mayan-calendar,Set Collection|Worker Placement,Country: Guatemala|Country: Mexico|Tropical theme,Ancient|Civilization|Economic|Farming|Mythology,18229,7.94259
32,178900,codenames,Memory|Partnerships|Pattern Recognition|Press Your Luck,Codenames,Card Game|Deduction|Party Game|Spies/Secret Agents|Word Game,31214,7.88788
33,183394,viticulture-essential-edition,Hand Management|Variable Phase Order|Worker Placement,Solitaire Games|Viticulture|Wine Games,Economic|Farming,5880,8.18007
34,146508,time-stories,Co-operative Play|Dice Rolling|Role Playing|Storytelling|Time Track|Variable Player Powers|Voting,T.I.M.E Stories|Time Travel,Adventure|Mature / Adult|Medieval|Science Fiction,10932,8.02615
35,124361,concordia,Card Drafting|Deck / Pool Building|Hand Management|Point to Point Movement,Ancient Rome|Concordia,Ancient|Economic|Nautical,10394,7.98567
36,122515,keyflower,Auction/Bidding|Memory|Modular Board|Pick-up and Deliver|Route/Network Building|Set Collection|Tile Placement|Worker Placement,Colonial Theme|Crowdfunding: Kickstarter|Key-series|Keyflower|Quined Master Print Edition Series,City Building|Economic|Nautical|Renaissance|Territory Building,12081,7.93352
37,68448,7-wonders,Card Drafting|Hand Management|Set Collection|Simultaneous Action Selection|Variable Player Powers,7 Wonders|Tableau Building,Ancient|Card Game|City Building|Civilization,52872,7.83148
38,171623,voyages-marco-polo,Card Drafting|Dice Rolling|Point to Point Movement|Set Collection|Variable Player Powers|Worker Placement,Animals: Camels|Cities: Beijing|Cities: Hormuz|Cities: Venice,Dice|Economic|Medieval|Travel,9401,7.97752
39,177736,feast-odin,Area Enclosure|Dice Rolling|Pattern Building|Press Your Luck|Tile Placement|Worker Placement,Admin: Better Description Needed!|Polyominoes|Solitaire Games|Vikings,Economic|Industry / Manufacturing|Medieval|Puzzle,4309,8.27086
40,18602,caylus,Worker Placement,Caylus|Country: France|Ystari originals,City Building|Economic|Medieval,22002,7.85698
41,12493,twilight-imperium-third-edition,Action Point Allowance System|Area-Impulse|Dice Rolling|Hex-and-Counter|Modular Board|Trading|Variable Phase Order|Variable Player Powers|Voting,4X games|Components: Miniatures|Fantasy Flight Big Box|Twilight Imperium,Civilization|Negotiation|Political|Science Fiction|Space Exploration|Wargame,15253,7.92419
42,146021,eldritch-horror,Co-operative Play|Dice Rolling|Point to Point Movement|Variable Player Powers,Arkham Horror|Cthulhu Mythos|Eldritch Horror|Solitaire Games,Adventure|Fantasy|Fighting|Horror|Novel-based,16755,7.93811
43,150376,dead-winter-crossroads-game,Action Point Allowance System|Area Movement|Co-operative Play|Dice Rolling|Hand Management|Storytelling|Trading|Variable Player Powers|Voting,Crossroads Series,Bluffing|Horror|Zombies,23711,7.84801
44,163412,patchwork,Tile Placement|Time Track,Combinatorial|Lookout Games Fur Zwei Spieler Series|Polyominoes,Abstract Strategy|Puzzle,19606,7.82326
45,28143,race-galaxy,Hand Management|Simultaneous Action Selection|Variable Phase Order|Variable Player Powers,Race for the Galaxy|Tableau Building,Card Game|Civilization|Economic|Science Fiction|Space Exploration,34763,7.77232
46,62219,dominant-species,Area Control / Area Influence|Card Drafting|Grid Movement|Modular Board|Tile Placement|Variable Player Powers|Worker Placement,4X games|Evolution,Animals|Environmental|Prehistoric,13117,7.85948
47,157354,five-tribes,Area Control / Area Influence|Auction/Bidding|Modular Board|Set Collection|Variable Phase Order,Animals: Camels|Country: Saudi Arabia,Arabian|Fantasy|Mythology,17931,7.82798
48,110327,lords-waterdeep,Set Collection|Take That|Worker Placement,Dungeons & Dragons|From RPG books to board games,City Building|Fantasy,29670,7.7949
49,132531,roll-galaxy,Deck / Pool Building|Dice Rolling|Simultaneous Action Selection|Variable Phase Order|Variable Player Powers,Crowdfunding: Wspieram|Race for the Galaxy|Tableau Building,Civilization|Dice|Economic|Science Fiction|Space Exploration,14877,7.84388
50,93,el-grande,Area Control / Area Influence|Area Movement|Auction/Bidding|Card Drafting|Hand Management|Memory|Simultaneous Action Selection,Country: Spain|El Grande,Renaissance,18645,7.80238
51,40834,dominion-intrigue,Card Drafting|Deck / Pool Building|Hand Management,Crowdfunding: Wspieram|Dominion,Card Game|Medieval,23446,7.78995
52,103885,star-wars-x-wing-miniatures-game,Action / Movement Programming|Dice Rolling|Player Elimination|Simultaneous Action Selection|Variable Player Powers,FlightPath|Star Wars|Star Wars: X-Wing Miniatures Game,Aviation / Flight|Bluffing|Collectible Components|Miniatures|Movies / TV / Radio theme|Science Fiction|Wargame,17150,7.87105
53,159675,fields-arle,Worker Placement,Admin: Better Description Needed!|Country: Germany|Crowdfunding: Wspieram|Harvest Series|Solitaire Games,Economic|Farming|Industry / Manufacturing,3670,8.21384
54,37111,battlestar-galactica,Area Movement|Co-operative Play|Dice Rolling|Hand Management|Partnerships|Role Playing|Variable Player Powers,Battlestar Galactica,Bluffing|Deduction|Movies / TV / Radio theme|Political|Science Fiction|Space Exploration|Spies/Secret Agents,25696,7.77179
55,36218,dominion,Card Drafting|Deck / Pool Building|Hand Management,Crowdfunding: Wspieram|Dominion|Mensa Select,Card Game|Medieval,56859,7.69584
56,172386,mombasa,Action / Movement Programming|Area Control / Area Influence|Card Drafting|Deck / Pool Building|Hand Management|Simultaneous Action Selection|Stock Holding|Variable Player Powers|Worker Placement,Admin: Better Description Needed!|Colonial Theme|Continent: Africa|Tableau Building,Economic,5195,8.0078
57,2511,sherlock-holmes-consulting-detective-thames-murder,Co-operative Play|Storytelling,Characters: Sherlock Holmes|Cities: London|Country: England|Mystery Novels|Solitaire Games,Deduction|Murder/Mystery|Novel-based|Post-Napoleonic|Spies/Secret Agents,9293,7.84425
58,144733,russian-railroads,Worker Placement,Admin: Better Description Needed!|Country: Russia,Industry / Manufacturing|Trains,9173,7.82659
59,102680,trajan,Area Movement|Card Drafting|Hand Management|Set Collection,Ancient Rome|Quined Master Print Edition Series,Ancient|Political,9888,7.81345
60,42,tigris-euphrates,Area Control / Area Influence|Hand Management|Set Collection|Tile Placement,Desert Theme|Knizia tile-laying trilogy|Middle Eastern Theme|Rivers: Euphrates|Rivers: Tigris|Tigris & Euphrates,Abstract Strategy|Ancient|Civilization|Territory Building,20359,7.71997
61,194655,santorini,Grid Movement|Tile Placement|Variable Player Powers,3D Games|5x5 grid|Country: Greece|Crowdfunding: Kickstarter|Games by the Game Artisans of Canada|Islands: Santorini,Abstract Strategy|Ancient|Mythology,5164,8.0409
62,30549,pandemic,Action Point Allowance System|Co-operative Play|Hand Management|Point to Point Movement|Set Collection|Trading|Variable Player Powers,Pandemic,Medical,63859,7.67069
63,73439,troyes,Area Control / Area Influence|Dice Rolling|Worker Placement,Cities: Troyes (France)|Country: France,Dice|Economic|Medieval,11511,7.75873
64,521,crokinole,Partnerships,Admin: Better Description Needed!|Crokinole|Finger Flicking Games,Action / Dexterity,7789,7.80701
65,104162,descent-journeys-dark-second-edition,Action Point Allowance System|Dice Rolling|Grid Movement|Hand Management|Modular Board|Partnerships|Variable Player Powers,Campaign Games|Components: Miniatures|Descent|Monsters|The Realms of Terrinoth,Adventure|Exploration|Fantasy|Fighting|Miniatures,14945,7.79391
66,155426,castles-mad-king-ludwig,Card Drafting|Pattern Building|Set Collection|Tile Placement,Country: Germany|Crowdfunding: Wspieram|Mensa Select,Post-Napoleonic,13646,7.72998
67,9609,war-ring-first-edition,Action Point Allowance System|Area Control / Area Influence|Area Movement|Campaign / Battle Card Driven|Dice Rolling|Hand Management,Tolkien Games|War of the Ring,Adventure|Dice|Fantasy|Novel-based|Territory Building|Wargame,8960,7.81273
68,128882,resistance-avalon,Memory|Partnerships|Simultaneous Action Selection|Variable Player Powers|Voting,Crowdfunding: Kickstarter|The Legend of King Arthur and the Knights of the Round Table|Postcard Box Games|Werewolf / Mafia,Bluffing|Card Game|Deduction|Fantasy|Medieval|Negotiation|Party Game,16389,7.71538
69,155068,arcadia-quest,Dice Rolling|Grid Movement|Modular Board|Variable Player Powers,Anime & Manga|Arcadia Quest|Campaign Games|Crowdfunding: Kickstarter,Adventure|Fantasy|Fighting|Miniatures,5213,7.9962
70,127023,kemet,Action Point Allowance System|Area Control / Area Influence|Area Movement|Card Drafting|Hand Management,Country: Egypt|Desert Theme|Monsters,Ancient|Fighting|Miniatures|Mythology,9519,7.77653
71,103343,game-thrones-board-game-second-edition,Area Control / Area Influence|Area Movement|Auction/Bidding|Hand Management|Player Elimination|Simultaneous Action Selection|Variable Player Powers,A Game of Thrones: The Board Game|A Song of Ice and Fire,Bluffing|Fantasy|Negotiation|Novel-based|Political|Wargame,18168,7.73291
72,34635,stone-age,Dice Rolling|Set Collection|Worker Placement,Stone Age,Dice|Prehistoric,31020,7.63167
73,161970,alchemists,Action Point Allowance System|Card Drafting|Hand Management|Worker Placement,"",Deduction|Fantasy,10172,7.7663
74,125153,gallerist,Commodity Speculation|Set Collection|Worker Placement,Crowdfunding: Giochistarter|Crowdfunding: Kickstarter|Crowdfunding: Spieleschmiede|Solitaire Games|Visual Arts: Painting,Economic,3826,8.05048
75,146652,legendary-encounters-alien-deck-building-game,Card Drafting|Co-operative Play|Deck / Pool Building|Partnerships|Player Elimination|Variable Player Powers,Aliens|Legendary|Solitaire Games,Card Game|Fighting|Horror|Movies / TV / Radio theme|Science Fiction,6658,7.86118
76,70149,ora-et-labora,Modular Board|Pattern Building|Set Collection|Tile Placement|Worker Placement,Beer|Country: France|Country: Ireland|Harvest Series|Solitaire Games|Tableau Building|Wine Games,City Building|Economic|Industry / Manufacturing|Medieval|Religious|Territory Building,7604,7.78068
77,126042,nations,Card Drafting|Variable Player Powers,Nations|Solitaire Games|Tableau Building,Card Game|Civilization|Economic,8306,7.75045
78,123260,suburbia,Card Drafting|Set Collection|Tile Placement,Mensa Select|Solitaire Games|Suburbia,City Building|Economic,15133,7.64054
79,147020,star-realms,Card Drafting|Deck / Pool Building|Player Elimination|Take That,Crowdfunding: Kickstarter|Star Realms,Card Game|Fighting|Science Fiction,19321,7.64371
80,201808,clank-deck-building-adventure,Deck / Pool Building|Player Elimination|Point to Point Movement|Press Your Luck,Animals: Dragons,Adventure|Fantasy,4287,8.03986
81,14105,commands-colors-ancients,Campaign / Battle Card Driven|Dice Rolling|Hand Management|Hex-and-Counter|Modular Board,Ancient Rome|Commands & Colors|Commands & Colors: Ancients Series|Country: Greece,Ancient|Wargame,6859,7.79658
82,175155,forbidden-stars,Area Control / Area Influence|Dice Rolling|Hand Management|Modular Board|Variable Player Powers,"Components: Miniatures|Fantasy Flight Big Box|Warhammer 40,000 Board Games",Bluffing|Dice|Fighting|Miniatures|Science Fiction|Wargame,3945,8.05726
83,17133,railways-world,Action Point Allowance System|Auction/Bidding|Card Drafting|Pick-up and Deliver|Route/Network Building|Tile Placement,Age of Steam|Country: USA|Railways of the World series,Trains|Transportation|Video Game Theme,9485,7.70594
84,91,paths-glory,Campaign / Battle Card Driven|Dice Rolling|Point to Point Movement,"",Wargame|World War I,3631,8.02015
85,14996,ticket-ride-europe,Card Drafting|Hand Management|Route/Network Building|Set Collection,Ticket to Ride,Trains|Travel,36331,7.59061
86,43111,chaos-old-world,Action Point Allowance System|Area Control / Area Influence|Area Movement|Dice Rolling|Hand Management|Role Playing|Take That|Variable Player Powers,Warhammer Fantasy Board Games,Fantasy|Fighting|Horror|Mythology|Wargame,11357,7.68314
87,21050,combat-commander-europe,Campaign / Battle Card Driven|Hex-and-Counter|Simulation|Variable Phase Order,Combat Commander Series,Wargame|World War II,4396,7.91962
88,148949,istanbul,Dice Rolling|Grid Movement|Modular Board|Pick-up and Deliver,Cities: Istanbul|Istanbul,Economic,12796,7.63165
89,39463,cosmic-encounter,Hand Management|Partnerships|Take That|Variable Player Powers,Cosmic Encounter,Bluffing|Negotiation|Science Fiction|Space Exploration,19305,7.60868
90,27833,steam,Auction/Bidding|Pick-up and Deliver|Route/Network Building|Tile Placement,Age of Steam|Steam,Economic|Trains|Transportation,8068,7.67773
91,9216,goa,Auction/Bidding|Hand Management|Press Your Luck,Colonial Theme|Country: India|Country: Portugal,Economic|Farming|Nautical|Renaissance,9682,7.64142
92,128621,viticulture,Hand Management|Worker Placement,Crowdfunding: Kickstarter|Viticulture|Wine Games,Economic|Farming,6225,7.76465
93,146886,la-granja,Area Control / Area Influence|Dice Rolling|Hand Management|Simultaneous Action Selection|Variable Player Powers|Worker Placement,Admin: Better Description Needed!|Country: Spain|Islands: Mallorca|Solitaire Games|Tableau Building,Economic|Farming,4958,7.80381
94,77423,lord-rings-card-game,Co-operative Play|Hand Management|Variable Player Powers,CCGs (Collectible Card Games)|Living Card Game|Lord of the Rings: The Card Game (LCG)|Solitaire Games|Tolkien Games,Card Game|Collectible Components|Fantasy|Novel-based,15063,7.64013
95,4098,age-steam,Auction/Bidding|Dice Rolling|Player Elimination|Route/Network Building|Tile Placement,Age of Steam,Economic|Trains|Transportation,6771,7.70318
96,555,princes-florence,Auction/Bidding|Tile Placement,Alea Big Box|Cities: Florence|Country: Italy|Polyominoes,City Building|Renaissance,13183,7.59093
97,148228,splendor,Card Drafting|Set Collection,Splendor,Card Game|Economic|Renaissance,30619,7.5334
98,43015,hansa-teutonica,Action Point Allowance System|Area Control / Area Influence|Point to Point Movement|Route/Network Building,Country: Germany,Renaissance,8544,7.63994
99,54043,jaipur,Card Drafting|Hand Management|Set Collection,Animals: Camels|Asian Theme|Country: India,Animals|Card Game,19069,7.54797
100,104006,village,Set Collection|Worker Placement,Village,Farming|Medieval,14007,7.56664
101,176189,zombicide-black-plague,Co-operative Play|Dice Rolling|Modular Board|Variable Player Powers,Crowdfunding: Kickstarter|Zombicide,Adventure|Fantasy|Fighting|Horror|Medieval|Miniatures|Zombies,5061,7.94479
102,31627,ticket-ride-nordic-countries,Card Drafting|Hand Management|Route/Network Building|Set Collection,Country: Denmark|Country: Finland|Country: Norway|Country: Sweden|Ticket to Ride,Trains|Transportation|Travel,8126,7.66686
103,101721,mage-wars-arena,Dice Rolling|Grid Movement|Simultaneous Action Selection|Variable Player Powers,Mage Wars,Card Game|Fantasy|Fighting,6076,7.81048
104,215,tichu,Betting/Wagering|Hand Management|Partnerships|Trick-taking,Asian Theme|Climbing Games|Country: China|Shedding Games|Traditional Card Games|Z-Man / Filosofia deluxe card game series,Card Game,10666,7.6082
105,188,go,Area Enclosure,3M Bookshelf Series|Combinatorial|Ravensburger Traveller Series,Abstract Strategy,11635,7.66968
106,154203,imperial-settlers,Card Drafting|Hand Management|Take That|Variable Player Powers,Ancient Rome|Country: Egypt|Country: Japan|Solitaire Games|Tableau Building,Ancient|Card Game|City Building|Civilization,12680,7.58337
107,10630,memoir-44,Area Control / Area Influence|Campaign / Battle Card Driven|Dice Rolling|Grid Movement|Hand Management|Modular Board|Simulation,Commands & Colors|Memoir '44,Miniatures|Wargame|World War II,19600,7.53233
108,9209,ticket-ride,Hand Management|Route/Network Building|Set Collection,Country: USA|Ticket to Ride,Trains|Travel,49112,7.48214
109,129437,legendary-marvel-deck-building-game,Co-operative Play|Deck / Pool Building,Comics: Marvel Universe|Legendary|Solitaire Games|Superheroes,Card Game|Comic Book / Strip,12854,7.63055
110,234,hannibal-rome-vs-carthage,Area Control / Area Influence|Campaign / Battle Card Driven|Dice Rolling|Point to Point Movement|Simulation,Ancient Rome|Continent: Africa|Valley Games Tactics Line,Ancient|Political|Wargame,4330,7.82909
111,171131,captain-sonar,Grid Movement|Line Drawing|Partnerships|Role Playing|Secret Unit Deployment|Simultaneous Action Selection,"",Deduction|Fighting|Nautical|Real-time|Wargame,4580,7.82611
112,20551,shogun,Action / Movement Programming|Area Control / Area Influence|Area Movement|Auction/Bidding|Simultaneous Action Selection|Variable Phase Order,Asian Theme|Country: Japan|Samurai,Economic|Medieval|Territory Building,10566,7.57871
113,140620,lewis-clark,Card Drafting|Deck / Pool Building|Hand Management|Point to Point Movement|Worker Placement,Solitaire Games|Tableau Building,American West|Racing,8852,7.58946
114,93260,summoner-wars-master-set,Dice Rolling|Grid Movement|Hand Management|Variable Player Powers,Summoner Wars,Card Game|Fantasy|Fighting,8764,7.61822
115,31481,galaxy-trucker,Dice Rolling|Tile Placement,"",Humor|Real-time|Science Fiction|Space Exploration|Transportation,21011,7.47534
116,146439,battlelore-second-edition,Campaign / Battle Card Driven|Dice Rolling|Grid Movement|Modular Board|Variable Player Powers,BattleLore|BattleLore (Second Edition)|Commands & Colors|Monsters|The Realms of Terrinoth,Dice|Fantasy|Miniatures|Wargame,3610,7.93469
117,97207,dungeon-petz,Auction/Bidding|Hand Management|Worker Placement,Dungeon Lords|Monsters,Animals|Fantasy|Humor,8793,7.58449
118,22545,age-empires-iii-age-discovery,Area Control / Area Influence|Set Collection|Worker Placement,Age of Discovery|Colonial Theme|Country: Costa Rica|Glenn Drover's Empires Series,Civilization|Exploration|Renaissance|Video Game Theme,8925,7.58449
119,24181,imperial,Area Control / Area Influence|Area Movement|Stock Holding,Rondel Series,Economic|Fighting|Nautical|Political,7231,7.63243
120,38453,space-alert,Action / Movement Programming|Area Movement|Co-operative Play|Hand Management|Simultaneous Action Selection,CD Board Games|Solitaire Games,Electronic|Real-time|Science Fiction|Space Exploration,11971,7.52746
121,12,ra,Auction/Bidding|Press Your Luck|Set Collection,Alea Big Box|Country: Egypt|Ra,Ancient|Mythology,15538,7.47488
122,59294,runewars,Area Control / Area Influence|Area Movement|Auction/Bidding|Modular Board|Simultaneous Action Selection|Variable Player Powers,4X games|Fantasy Flight Big Box|The Realms of Terrinoth,Adventure|Fantasy|Fighting|Wargame,6517,7.69622
123,54998,cyclades,Area Control / Area Influence|Area Movement|Auction/Bidding|Card Drafting|Dice Rolling|Set Collection|Variable Phase Order,Country: Greece|Cyclades|Islands: Cyclades,Ancient|City Building|Civilization|Fighting|Miniatures|Mythology|Nautical,12328,7.53846
124,7854,yinsh,Grid Movement|Pattern Building,Combinatorial|GIPF Project|Mensa Select,Abstract Strategy,5431,7.68147
125,172818,above-and-below,Action Point Allowance System|Card Drafting|Deck / Pool Building|Dice Rolling|Set Collection|Storytelling|Trading,Arzium Setting|Crowdfunding: Kickstarter,Adventure|Book|City Building|Economic|Exploration|Fantasy|Farming|Negotiation,5938,7.67804
126,127060,bora-bora,Dice Rolling|Set Collection|Worker Placement,Alea Big Box|Country: French Polynesia|Oceanian Theme|Tropical theme,Dice,6617,7.60778
127,181304,mysterium,Co-operative Play|Hand Management|Pattern Recognition,Ghosts|Mysterium,Deduction|Murder/Mystery|Party Game,12839,7.52389
128,19857,glory-rome,Card Drafting|Hand Management|Set Collection|Variable Phase Order,Ancient Rome|Cities: Rome|Crowdfunding: Kickstarter|Tableau Building,Ancient|Card Game|City Building|Economic,10969,7.5009
129,822,carcassonne,Area Control / Area Influence|Tile Placement,Carcassonne|Country: France,City Building|Medieval|Territory Building,68289,7.43554
130,48726,alien-frontiers,Area Control / Area Influence|Card Drafting|Dice Rolling|Worker Placement,Aliens|Crowdfunding: Kickstarter|Crowdfunding: ulule,Dice|Science Fiction,11456,7.49638
131,118048,targi,Modular Board|Set Collection|Worker Placement,Continent: Africa|Desert Theme|Kosmos two-player series,Arabian|Card Game,6183,7.61647
132,17392,here-i-stand,Campaign / Battle Card Driven|Dice Rolling|Hand Management|Point to Point Movement|Variable Player Powers,Cities: Ravenna (Italy)|Country: England|Country: France|Country: Holy Roman Empire|Country: Italy|Country: Spain|Country: Turkey,Negotiation|Political|Religious|Renaissance|Wargame,2924,7.94066
133,25021,sekigahara-unification-japan,Hand Management|Point to Point Movement|Secret Unit Deployment,Asian Theme|Block wargames|Country: Japan,Civil War|Renaissance|Wargame,2357,8.06737
134,182874,grand-austria-hotel,Dice Rolling|Set Collection,Cities: Vienna,Economic,4075,7.77112
135,108745,seasons,Card Drafting|Dice Rolling|Hand Management|Take That,Kingdom of Xidit,Card Game|Dice|Fantasy,14203,7.46646
136,92828,dixit-odyssey,Partnerships|Simultaneous Action Selection|Storytelling|Voting,Dixit,Humor|Party Game,10102,7.52772
137,41114,resistance,Partnerships|Simultaneous Action Selection|Voting,Dystopian Universe|Postcard Box Games|Werewolf / Mafia,Bluffing|Deduction|Negotiation|Party Game|Science Fiction|Spies/Secret Agents,26057,7.42506
138,66589,navegador,Area Movement,Colonial Theme|Country: Portugal|Rondel Series,Economic|Exploration|Nautical|Renaissance,6195,7.58821
139,181279,fury-dracula-third-edition,Partnerships|Point to Point Movement|Secret Unit Deployment|Variable Player Powers,Vampires,Adventure|Deduction|Fighting|Horror|Novel-based,4837,7.71318
140,77130,sid-meiers-civilization-board-game,Card Drafting|Deck / Pool Building|Grid Movement|Hand Management|Modular Board|Rock-Paper-Scissors|Simultaneous Action Selection|Trading|Variable Player Powers,4X games|Civilization,City Building|Civilization|Exploration|Negotiation|Video Game Theme,11498,7.50661
141,155873,power-grid-deluxe-europenorth-america,Auction/Bidding|Route/Network Building,Country: Austria|Country: Canada|Country: Finland|Country: Germany|Country: Greece|Country: Ireland|Country: Italy|Country: Mexico|Country: Norway|Country: Poland|Country: Portugal|Country: Romania|Country: Russia|Country: Spain|Country: Sweden|Country: Turkey|Country: Ukraine|Country: United Kingdom|Country: USA|Power Grid,Economic|Industry / Manufacturing,2119,8.13624
142,176494,isle-skye-chieftain-king,Auction/Bidding|Set Collection|Tile Placement,Country: Scotland,Economic|Territory Building,8919,7.51863
143,27708,1960-making-president,Area Control / Area Influence|Campaign / Battle Card Driven|Hand Management,Country: USA|Political: Elections,Political,6990,7.56553
144,421,1830-railways-robber-barons,Auction/Bidding|Route/Network Building|Stock Holding|Tile Placement,18xx|Country: USA,Economic|Trains|Transportation,3393,7.81462
145,463,magic-gathering,Hand Management|Player Elimination,Animals: Unicorns|CCGs (Collectible Card Games)|Mensa Select,Card Game|Collectible Components|Fantasy|Fighting,23255,7.44031
146,119890,agricola-all-creatures-big-and-small,Area Enclosure|Tile Placement|Worker Placement,Agricola|Animals: Cattle|Animals: Horses|Animals: Pigs|Animals: Sheep|Lookout Games Fur Zwei Spieler Series,Animals|Farming,9223,7.50085
147,54138,imperial-2030,Area Control / Area Influence|Area Movement|Stock Holding,Rondel Series,Economic|Fighting|Nautical|Political,4069,7.73843
148,1,die-macher,Area Control / Area Influence|Auction/Bidding|Dice Rolling|Hand Management|Simultaneous Action Selection,Country: Germany|Valley Games Classic Line,Economic|Negotiation|Political,4523,7.66168
149,55690,kingdom-death-monster,Co-operative Play|Dice Rolling|Grid Movement|Role Playing|Storytelling,Campaign Games|Crowdfunding: Kickstarter|Kingdom Death|Solitaire Games,Adventure|Fantasy|Horror|Mature / Adult|Miniatures|Mythology,2028,8.89426
150,3,samurai,Area Control / Area Influence|Hand Management|Set Collection|Tile Placement,Asian Theme|Country: Japan|Knizia tile-laying trilogy|Samurai,Abstract Strategy|Medieval,12127,7.44094
151,36932,claustrophobia,Dice Rolling|Modular Board|Variable Player Powers,"",Horror|Adventure|Fantasy|Fighting|Miniatures,5668,7.6084
152,198928,pandemic-iberia,Action Point Allowance System|Co-operative Play|Hand Management|Point to Point Movement|Set Collection|Variable Player Powers,Country: Portugal|Country: Spain|Pandemic,Medical,1993,8.20399
153,45315,dungeon-lords,Action / Movement Programming|Hand Management|Simultaneous Action Selection|Tile Placement|Worker Placement,Dungeon Lords,Economic|Fantasy|Fighting|Humor,10826,7.45609
154,40692,small-world,Area Movement|Dice Rolling|Variable Player Powers,Small World,Fantasy|Fighting|Territory Building,43984,7.35222
155,192291,sushi-go-party,Card Drafting|Hand Management|Set Collection|Simultaneous Action Selection,"",Card Game,4467,7.70184
156,193037,dead-winter-long-night,Action Point Allowance System|Area Movement|Co-operative Play|Dice Rolling|Hand Management|Storytelling|Variable Player Powers|Voting,Crossroads Series,Bluffing|Deduction|Horror|Mature / Adult|Science Fiction|Zombies,2430,8.09967
157,760,battle-line,Hand Management|Set Collection,Schotten-Totten,Ancient|Card Game|Deduction,12349,7.42297
158,15985,blood-bowl-living-rulebook,Dice Rolling|Grid Movement|Variable Player Powers,Blood Bowl|Campaign Games|Fantasy Sports|Games Workshop Specialist Games|Warhammer Fantasy Board Games,Collectible Components|Expansion for Base-game|Fantasy|Fighting|Miniatures|Sports,3024,7.87216
159,163745,star-wars-armada,Action / Movement Programming|Dice Rolling|Variable Player Powers,Components: Miniatures|Star Wars|Star Wars: Armada,Collectible Components|Miniatures|Movies / TV / Radio theme|Science Fiction|Wargame,2790,7.98938
160,39856,dixit,Simultaneous Action Selection|Storytelling|Voting,Dixit,Card Game|Humor|Party Game,31810,7.35378
161,123123,battlecon-devastation-indines,Hand Management|Point to Point Movement|Simultaneous Action Selection|Variable Player Powers,BattleCON|Crowdfunding: Kickstarter|World of Indines,Card Game|Fighting,2201,8.09519
162,59959,letters-whitechapel,Memory|Partnerships|Point to Point Movement|Secret Unit Deployment,Characters: Jack the Ripper|Cities: London|Country: United Kingdom,Bluffing|Deduction|Murder/Mystery|Post-Napoleonic,9161,7.48526
163,185343,anachrony,Variable Player Powers|Worker Placement,Crowdfunding: Kickstarter|Solitaire Games|Time Travel,Economic|Science Fiction,1814,8.30413
164,176920,mission-red-planet-second-edition,Area Control / Area Influence|Hand Management|Simultaneous Action Selection,Mars|Steampunk,Science Fiction,4387,7.66054
165,124708,mice-and-mystics,Area Movement|Co-operative Play|Dice Rolling|Role Playing|Storytelling|Variable Player Powers,Animals: Mice|Campaign Games|Mice and Mystics|Solitaire Games,Adventure|Dice|Exploration|Fantasy|Fighting|Miniatures,11103,7.47177
166,136888,bruges,Dice Rolling|Hand Management,Cities: Bruges|Country: Belgium|Tableau Building,Card Game|City Building|Dice|Economic|Renaissance,7231,7.48953
167,198773,codenames-pictures,Memory|Partnerships|Pattern Recognition|Press Your Luck,Codenames,Deduction|Party Game|Spies/Secret Agents,5576,7.57471
168,40765,clash-cultures,Action Point Allowance System|Dice Rolling|Grid Movement|Hand Management|Modular Board|Trading|Variable Player Powers,4X games|Components: Miniatures,Ancient|City Building|Civilization|Economic|Exploration|Medieval|Territory Building,3992,7.69302
169,37046,ghost-stories,Co-operative Play|Dice Rolling|Grid Movement|Modular Board|Variable Player Powers,Asian Theme|Ghost Stories|Ghosts|Solitaire Games,Fantasy|Fighting|Horror|Mythology,14375,7.38656
170,82222,xia-legends-drift-system,Action Point Allowance System|Dice Rolling|Grid Movement|Modular Board|Pick-up and Deliver|Roll / Spin and Move|Tile Placement|Variable Player Powers,Crowdfunding: Kickstarter|Crowdfunding: Verkami,Adventure|Exploration|Fighting|Miniatures|Science Fiction|Space Exploration|Transportation,3402,7.82857
171,243,advanced-squad-leader,Auction/Bidding|Dice Rolling|Hex-and-Counter|Modular Board|Press Your Luck|Secret Unit Deployment|Simulation|Time Track|Variable Player Powers,Advanced Squad Leader,Wargame|World War II,2958,7.93806
172,33160,endeavor,Area Control / Area Influence|Card Drafting|Set Collection,Colonial Theme,Exploration|Nautical|Renaissance,8049,7.45495
173,25292,merchants-marauders,Action Point Allowance System|Area Movement|Dice Rolling|Pick-up and Deliver|Variable Player Powers,Colonial Theme|Country: Costa Rica|Tropical theme,Adventure|Nautical|Pirates|Transportation,9762,7.45042
174,63628,manhattan-project,Card Drafting|Worker Placement,Crowdfunding: Kickstarter|The Manhattan Project|Tableau Building,Aviation / Flight|Economic|Fighting|Industry / Manufacturing|Negotiation|World War II,6880,7.49057
175,129622,love-letter,Hand Management|Player Elimination,AEG: 5 Minute Fun|AEG: Big in Japan|AEG: Pocket Game|Card Games: Draw and Discard Games|Holidays: Christmas|Love Letter|Munchkin|Tempest: Shared World,Card Game|Deduction|Renaissance,36634,7.31589
176,2655,hive,Grid Movement|Tile Placement,Animals: Ants|Animals: Bees|Animals: Grasshoppers|Animals: Spiders|Combinatorial|Hive|Mensa Select,Abstract Strategy|Animals,20362,7.34027
177,25554,notre-dame,Area Control / Area Influence|Card Drafting|Point to Point Movement,Alea Big Box|Animals: Rats|Cities: Paris (France)|Country: France,Economic|Renaissance,10000,7.39577
178,70919,takenoko,Dice Rolling|Grid Movement|Modular Board|Pattern Building|Set Collection|Tile Placement,Animals: Pandas|Asian Theme|Country: Japan,Animals|Environmental|Farming|Territory Building,20527,7.35
179,21241,neuroshima-hex,Hand Management|Hex-and-Counter|Player Elimination|Tile Placement|Variable Player Powers,From RPG books to board games|Neuroshima,Fighting|Science Fiction,9938,7.44639
180,54625,space-hulk-third-edition,Action Point Allowance System|Dice Rolling|Grid Movement|Modular Board,"Admin: Better Description Needed!|Campaign Games|Space Hulk|Warhammer 40,000 Board Games",Fighting|Miniatures|Science Fiction,5902,7.56641
181,144344,rococo,Area Control / Area Influence|Card Drafting|Deck / Pool Building|Hand Management|Set Collection,"",Age of Reason|Economic,4652,7.57897
182,105134,risk-legacy,Area Movement|Card Drafting|Dice Rolling|Player Elimination|Variable Player Powers,Campaign Games|Components: Miniatures|Legacy|Risk,Dice|Science Fiction|Wargame,5614,7.5643
183,31594,year-dragon,Hand Management|Variable Phase Order,Alea Big Box|Asian Theme|Country: China,Economic|Medieval,8342,7.41596
184,143693,glass-road,Card Drafting|Set Collection|Simultaneous Action Selection|Tile Placement|Variable Phase Order,Country: Germany|Harvest Series|Solitaire Games|Tableau Building,City Building|Economic|Medieval,5968,7.49408
185,5,acquire,Hand Management|Stock Holding|Tile Placement,3M Bookshelf Series,Economic,15336,7.35751
186,121,dune,Area Control / Area Influence|Area Movement|Auction/Bidding|Hand Management|Partnerships|Variable Player Powers,Desert Theme|Dune,Bluffing|Fighting|Negotiation|Novel-based|Political|Science Fiction,4598,7.61734
187,163068,trickerion-legends-illusion,Action Point Allowance System|Simultaneous Action Selection|Tile Placement|Worker Placement,Crowdfunding: Kickstarter|Crowdfunding: Spieleschmiede,"",2698,7.84654
188,70323,king-tokyo,Area Control / Area Influence|Card Drafting|Dice Rolling|Player Elimination|Press Your Luck,Asian Theme|Cities: Tokyo|Country: Japan|Kaiju|King of Tokyo|Monsters,Dice|Fighting|Movies / TV / Radio theme|Science Fiction,37329,7.30117
189,71,civilization,Area Control / Area Influence|Area Movement|Hand Management|Set Collection|Trading,Civilization,Ancient|Civilization|Economic|Negotiation,6215,7.52333
190,156129,deception-murder-hong-kong,Partnerships|Storytelling,Crowdfunding: Kickstarter,Bluffing|Deduction|Murder/Mystery|Party Game|Spies/Secret Agents,4900,7.56626
191,54,tikal,Action Point Allowance System|Area Control / Area Influence|Auction/Bidding|Grid Movement|Set Collection|Tile Placement,Archaeology|Country: Guatemala|The Mask Trilogy|Promotional Board Games|Tropical theme,Exploration|Territory Building,13820,7.34436
192,172287,champions-midgard,Dice Rolling|Set Collection|Worker Placement,Vikings,Adventure|Dice|Fantasy|Fighting|Medieval|Mythology,3592,7.70964
193,19777,indonesia,Area Control / Area Influence|Auction/Bidding|Pick-up and Deliver|Stock Holding,Asian Theme|Country: Indonesia,Economic|Industry / Manufacturing|Transportation,2746,7.77362
194,155821,inis,Area Control / Area Influence|Area Movement|Card Drafting|Hand Management|Memory|Modular Board|Tile Placement,Country: Ireland,Ancient|Card Game|Mythology,3121,7.82391
195,157969,sheriff-nottingham,Card Drafting|Hand Management|Role Playing|Set Collection,Cities: Nottingham|Dice Tower Essentials,Bluffing|Card Game|Humor|Medieval|Negotiation|Novel-based|Party Game,15732,7.34261
196,109276,kanban-automotive-revolution,Action Point Allowance System|Commodity Speculation|Variable Phase Order|Worker Placement,Automotive|Crowdfunding: Giochistarter,Economic|Industry / Manufacturing,2870,7.79093
197,46213,telestrations,Line Drawing|Paper-and-Pencil,"",Humor|Party Game|Real-time,6997,7.44117
198,8217,san-juan,Hand Management|Set Collection|Variable Phase Order,Alea Small Box|Colonial Theme|Country: Puerto Rico|Puerto Rico|Tableau Building,Card Game|City Building|Economic,18893,7.29647
199,9217,saint-petersburg,Card Drafting|Set Collection,Cities: St Petersburg / Petrograd / Leningrad|Country: Russia|Saint Petersburg|Tableau Building,Age of Reason|Card Game|Economic,12492,7.3345
200,21348,ticket-ride-marklin,Card Drafting|Hand Management|Point to Point Movement|Route/Network Building|Set Collection,Cities: Bremerhaven|Country: Germany|Ticket to Ride,Trains|Transportation|Travel,7772,7.41462
